Superstar,Alignment,Brand (Linked),Character Background,Custom Character,Division,Division Rank,Finisher,Hometown,Match History,Matches Won,Notes,Overall Rating,Rivalries,Roster Status,Signature,Singles Draws,Singles Draws (Rollup Source),Singles Losses,Singles Losses (Rollup Source),Singles Wins,Status,Tag Teams,Title Reigns,Weight Class
Rhea Ripley,Heel,SmackDown (https://www.notion.so/SmackDown-31d341dd49468133ba1dfaee4c527f79?pvs=21),,No,Women's World,0,,,"Becky Lynch vs. Rhea Ripley (https://www.notion.so/Becky-Lynch-vs-Rhea-Ripley-31e341dd494681d1af80d38fd1abad3f?pvs=21), Rhea Ripley vs. Bianca Belair (https://www.notion.so/Rhea-Ripley-vs-Bianca-Belair-31e341dd49468195a5dcc215c9dc12ef?pvs=21)","Becky Lynch vs. Rhea Ripley (https://www.notion.so/Becky-Lynch-vs-Rhea-Ripley-31e341dd494681d1af80d38fd1abad3f?pvs=21), Rhea Ripley vs. Bianca Belair (https://www.notion.so/Rhea-Ripley-vs-Bianca-Belair-31e341dd49468195a5dcc215c9dc12ef?pvs=21)",,96,,SmackDown,,0,,0,,2,Active,RHIYO (https://www.notion.so/RHIYO-31d341dd49468126bff6f3914bbef7d8?pvs=21),,
Carmelo Hayes,Heel,,,No,Men's World,0,,,Carmelo Hayes vs. Joe Hendry (https://www.notion.so/Carmelo-Hayes-vs-Joe-Hendry-31e341dd494681cfa51ac0609da87525?pvs=21),Carmelo Hayes vs. Joe Hendry (https://www.notion.so/Carmelo-Hayes-vs-Joe-Hendry-31e341dd494681cfa51ac0609da87525?pvs=21),,84,,NXT,,0,,0,,1,Active,,,
IYO SKY,,SmackDown (https://www.notion.so/SmackDown-31d341dd49468133ba1dfaee4c527f79?pvs=21),,No,,,,,IYO SKY vs. Bayley (https://www.notion.so/IYO-SKY-vs-Bayley-31e341dd49468195ac89df96c660d448?pvs=21),IYO SKY vs. Bayley (https://www.notion.so/IYO-SKY-vs-Bayley-31e341dd49468195ac89df96c660d448?pvs=21),,93,,SmackDown,,0,,0,,1,Active,RHIYO (https://www.notion.so/RHIYO-31d341dd49468126bff6f3914bbef7d8?pvs=21),,
Bronson Reed,,Raw (https://www.notion.so/Raw-31d341dd49468192b742e2fde956f670?pvs=21),,No,Men's Midcard,6,,,Jey Uso vs. Bronson Reed (https://www.notion.so/Jey-Uso-vs-Bronson-Reed-31e341dd494681b4967bde19cb08e0e5?pvs=21),Jey Uso vs. Bronson Reed (https://www.notion.so/Jey-Uso-vs-Bronson-Reed-31e341dd494681b4967bde19cb08e0e5?pvs=21),,88,,Raw,,0,,0,,1,Active,"The Brons (https://www.notion.so/The-Brons-31d341dd4946815a94fddac563d38f14?pvs=21), The Vision (https://www.notion.so/The-Vision-31d341dd4946813d8bccc8b4646ebe4b?pvs=21)",,
Sami Zayn,Face,SmackDown (https://www.notion.so/SmackDown-31d341dd49468133ba1dfaee4c527f79?pvs=21),,No,Men's Midcard,0,,,"Kevin Owens & Sami Zayn vs. Finn Bálor & Dominik Mysterio (https://www.notion.so/Kevin-Owens-Sami-Zayn-vs-Finn-B-lor-Dominik-Mysterio-31e341dd494681e78c72d546579d19f1?pvs=21), Roman Reigns vs. Sami Zayn (https://www.notion.so/Roman-Reigns-vs-Sami-Zayn-31e341dd494681b9aa70fa4154778ab8?pvs=21)",Kevin Owens & Sami Zayn vs. Finn Bálor & Dominik Mysterio (https://www.notion.so/Kevin-Owens-Sami-Zayn-vs-Finn-B-lor-Dominik-Mysterio-31e341dd494681e78c72d546579d19f1?pvs=21),,89,,SmackDown,,0,,1,Roman Reigns vs. Sami Zayn (https://www.notion.so/Roman-Reigns-vs-Sami-Zayn-31e341dd494681b9aa70fa4154778ab8?pvs=21),1,Active,,,
Kevin Owens,,SmackDown (https://www.notion.so/SmackDown-31d341dd49468133ba1dfaee4c527f79?pvs=21),,No,,,,,Kevin Owens & Sami Zayn vs. Finn Bálor & Dominik Mysterio (https://www.notion.so/Kevin-Owens-Sami-Zayn-vs-Finn-B-lor-Dominik-Mysterio-31e341dd494681e78c72d546579d19f1?pvs=21),Kevin Owens & Sami Zayn vs. Finn Bálor & Dominik Mysterio (https://www.notion.so/Kevin-Owens-Sami-Zayn-vs-Finn-B-lor-Dominik-Mysterio-31e341dd494681e78c72d546579d19f1?pvs=21),,87,,SmackDown,,0,,0,,1,Active,,,
LA Knight,,SmackDown (https://www.notion.so/SmackDown-31d341dd49468133ba1dfaee4c527f79?pvs=21),,No,,,,,LA Knight vs. Shinsuke Nakamura (https://www.notion.so/LA-Knight-vs-Shinsuke-Nakamura-31e341dd4946814abcecf8036a10ec14?pvs=21),LA Knight vs. Shinsuke Nakamura (https://www.notion.so/LA-Knight-vs-Shinsuke-Nakamura-31e341dd4946814abcecf8036a10ec14?pvs=21),,89,,SmackDown,,0,,0,,1,Active,,,
Oba Femi,,,,No,,,,,Oba Femi vs. Ethan Page (https://www.notion.so/Oba-Femi-vs-Ethan-Page-31e341dd494681e1872af4d985c25025?pvs=21),Oba Femi vs. Ethan Page (https://www.notion.so/Oba-Femi-vs-Ethan-Page-31e341dd494681e1872af4d985c25025?pvs=21),,85,,NXT,,0,,0,,1,Active,,,
Roman Reigns,Heel,SmackDown (https://www.notion.so/SmackDown-31d341dd49468133ba1dfaee4c527f79?pvs=21),,No,Men's World,1,,,Roman Reigns vs. Sami Zayn (https://www.notion.so/Roman-Reigns-vs-Sami-Zayn-31e341dd494681b9aa70fa4154778ab8?pvs=21),Roman Reigns vs. Sami Zayn (https://www.notion.so/Roman-Reigns-vs-Sami-Zayn-31e341dd494681b9aa70fa4154778ab8?pvs=21),,95,,SmackDown,,0,,0,,1,Active,,,
Roxanne Perez,,Raw (https://www.notion.so/Raw-31d341dd49468192b742e2fde956f670?pvs=21),,No,Women's Tag,2,,,Roxanne Perez vs. Jacy Jayne (https://www.notion.so/Roxanne-Perez-vs-Jacy-Jayne-31e341dd4946816284f8fc259681d1f4?pvs=21),Roxanne Perez vs. Jacy Jayne (https://www.notion.so/Roxanne-Perez-vs-Jacy-Jayne-31e341dd4946816284f8fc259681d1f4?pvs=21),,85,,Raw,,0,,0,,1,Active,The Judgment Day (https://www.notion.so/The-Judgment-Day-31d341dd494681388a34c6c67490691f?pvs=21),,
Bron Breakker,,Raw (https://www.notion.so/Raw-31d341dd49468192b742e2fde956f670?pvs=21),,No,Men's World,8,,,Seth Rollins vs. Bron Breakker (https://www.notion.so/Seth-Rollins-vs-Bron-Breakker-31e341dd4946817b8035f76d64894d5a?pvs=21),Seth Rollins vs. Bron Breakker (https://www.notion.so/Seth-Rollins-vs-Bron-Breakker-31e341dd4946817b8035f76d64894d5a?pvs=21),,90,,Raw,,0,,0,,1,Active,"The Brons (https://www.notion.so/The-Brons-31d341dd4946815a94fddac563d38f14?pvs=21), The Vision (https://www.notion.so/The-Vision-31d341dd4946813d8bccc8b4646ebe4b?pvs=21)",,
Damian Priest,,,,No,,,,,Sheamus vs. Damian Priest (https://www.notion.so/Sheamus-vs-Damian-Priest-31e341dd494681cd88bee0115fb9b09a?pvs=21),Sheamus vs. Damian Priest (https://www.notion.so/Sheamus-vs-Damian-Priest-31e341dd494681cd88bee0115fb9b09a?pvs=21),,87,,SmackDown,,0,,0,,1,Active,,,
Will Flux,Heel,,"One half of the legendary tag team The Archetypes alongside his twin sister L Flux. Will suffered an identity crisis when L was sidelined with a serious knee injury — rather than fight alone, he fled to Hollywood to reinvent himself as a solo star, leveraging his looks and charisma to build a celebrity persona. He returns to NXT as 'The Professor' — a pompous, self-declared genius of the squared circle who believes he has studied and mastered the art of professional wrestling better than anyone alive. Inspired by the swagger of Shawn Michaels and the technical arrogance of AJ Styles, but convinced he surpasses both.",Yes,Men's World,,The Lesson (Superkick),"St. Louis, Missouri",Trick Williams vs. Will Flux (https://www.notion.so/Trick-Williams-vs-Will-Flux-31e341dd49468118b6fbf013aa032174?pvs=21),Trick Williams vs. Will Flux (https://www.notion.so/Trick-Williams-vs-Will-Flux-31e341dd49468118b6fbf013aa032174?pvs=21),"Twin sibling of L Flux. Former tag team: The Archetypes. Returning simultaneously with L but pursuing a separate singles path. Storylines will remain interconnected. Gimmick: The Professor. NXT debut era — rated 81 (cap 85). Hollywood stint leaned him out — now faster and more technical than his powerhouse Archetype days. Stats profile: high agility, movement speed, reversals, strike precision. Lower strength and durability than L. Inspired by HBK/Dolph/Sami style — fights smart not hard. Will evolve to higher overall as storylines progress.",81,,NXT,Extra Credit (Codebreaker),0,,0,,1,Active,,,Heavyweight
L Flux,Tweener,,"One half of the legendary tag team The Archetypes alongside her twin brother Will Flux. A devastating knee injury forced L out of action and inadvertently sent Will spiraling toward Hollywood. She returns to NXT as 'The Reaper' — dark, methodical, and terrifying. Heavily inspired by The Undertaker's aura and presence, with the explosive in-ring power of Roman Reigns. Technically a heel, but crowds refuse to turn on her. She does things faces shouldn't do and doesn't care what anyone thinks. An unstoppable force returning from the brink.",Yes,Women's World,,Last Rites (Air Raid Crash),The Other Side of Darkness,,,"Twin sibling of Will Flux. Former tag team: The Archetypes. Returning simultaneously with Will but pursuing a separate singles path. Storylines will remain interconnected. Gimmick: The Reaper. Alignment best described as Tweener — heel in practice, over as a face. NXT debut era — rated 83 (cap 85). Returning from serious knee injury. Stats profile: elite strength and durability, explosive power, high resilience. Inspired by Cena's never-quit toughness, Reigns' explosiveness, Taker's presence and aura. Fights like an unstoppable force. Will evolve to higher overall as storylines progress and knee is fully proven.",83,,NXT,The Sentence (Glam Slam Submission),0,,0,,0,Active,,,Heavyweight
Scott Steiner,,,,No,,,,,,,,,,No Brand,,0,,0,,0,Active,The Steiner Brothers (https://www.notion.so/The-Steiner-Brothers-31d341dd4946815892f4cc517b8a7c6d?pvs=21),,
Wendy Choo,,,,No,,,,,,,,72,,NXT,,0,,0,,0,Active,,,
Torrie Wilson,,,,No,,,,,,,,,,No Brand,,0,,0,,0,Legend,,,
Wren Sinclair,,,,No,,,,,,,,74,,NXT,,0,,0,,0,Active,No Quarter Catch Crew (https://www.notion.so/No-Quarter-Catch-Crew-31d341dd4946812e9812e1ed8af0032a?pvs=21),,
Stephanie McMahon,,,,No,,,,,,,,75,,No Brand,,0,,0,,0,Legend,,,
Santos Escobar,,Raw (https://www.notion.so/Raw-31d341dd49468192b742e2fde956f670?pvs=21),,No,Men's Midcard,4,,,,,,76,,Raw,,0,,0,,0,Active,Legado Del Fantasma (https://www.notion.so/Legado-Del-Fantasma-31d341dd494681488951df5900515407?pvs=21),,
Rikishi,,,,No,,,,,,,,81,,No Brand,,0,,0,,0,Legend,,,
Ultimate Warrior,,,,No,,,,,,,,92,,No Brand,,0,,0,,0,Legend,,,
Seth Rollins,Heel,Raw (https://www.notion.so/Raw-31d341dd49468192b742e2fde956f670?pvs=21),,No,Men's World,2,,,Seth Rollins vs. Bron Breakker (https://www.notion.so/Seth-Rollins-vs-Bron-Breakker-31e341dd4946817b8035f76d64894d5a?pvs=21),,,94,,Raw,,0,,1,Seth Rollins vs. Bron Breakker (https://www.notion.so/Seth-Rollins-vs-Bron-Breakker-31e341dd4946817b8035f76d64894d5a?pvs=21),0,Active,,,
Ridge Holland,,,,No,,,,,,,,74,,NXT,,0,,0,,0,Active,,,
Zoey Stark,,,,No,,,,,,,,80,,Raw,,0,,0,,0,Active,,,
The Great Khali,,,,No,,,,,,,,86,,No Brand,,0,,0,,0,Legend,,,
Tavish,,,,No,,,,,,,,76,,No Brand,,0,,0,,0,Legend,,,
Rick Steiner,,,,No,,,,,,,,83,,No Brand,,0,,0,,0,Legend,The Steiner Brothers (https://www.notion.so/The-Steiner-Brothers-31d341dd4946815892f4cc517b8a7c6d?pvs=21),,
Tito Santana,,,,No,,,,,,,,87,,No Brand,,0,,0,,0,Legend,,,
Sheamus,,SmackDown (https://www.notion.so/SmackDown-31d341dd49468133ba1dfaee4c527f79?pvs=21),,No,,,,,Sheamus vs. Damian Priest (https://www.notion.so/Sheamus-vs-Damian-Priest-31e341dd494681cd88bee0115fb9b09a?pvs=21),,,86,,SmackDown,,0,,1,Sheamus vs. Damian Priest (https://www.notion.so/Sheamus-vs-Damian-Priest-31e341dd494681cd88bee0115fb9b09a?pvs=21),0,Active,,,
Wade Barrett,,,,No,,,,,,,,85,,No Brand,,0,,0,,0,Legend,,,
Yokozuna,,,,No,,,,,,,,87,,No Brand,,0,,0,,0,Legend,,,
Trick Williams,,Raw (https://www.notion.so/Raw-31d341dd49468192b742e2fde956f670?pvs=21),,No,Men's Midcard,8,,,Trick Williams vs. Will Flux (https://www.notion.so/Trick-Williams-vs-Will-Flux-31e341dd49468118b6fbf013aa032174?pvs=21),,,84,,Raw,,0,,1,Trick Williams vs. Will Flux (https://www.notion.so/Trick-Williams-vs-Will-Flux-31e341dd49468118b6fbf013aa032174?pvs=21),0,Active,,,
The Miz,,SmackDown (https://www.notion.so/SmackDown-31d341dd49468133ba1dfaee4c527f79?pvs=21),,No,,,,,,,,80,,SmackDown,,0,,0,,0,Active,,,
Stone Cold Steve Austin,,,,No,,,,,,,,97,,No Brand,,0,,0,,0,Legend,,,
Superstar Billy Graham,,,,No,,,,,,,,92,,No Brand,,0,,0,,0,Legend,,,
Sol Ruca,,,,No,,,,,,,,77,,NXT,,0,,0,,0,Active,,,
Tonga Loa,,SmackDown (https://www.notion.so/SmackDown-31d341dd49468133ba1dfaee4c527f79?pvs=21),,No,,,,,,,,79,,SmackDown,,0,,0,,0,Active,"Most Feared Team (https://www.notion.so/Most-Feared-Team-31d341dd4946816fbe46f7ee3997c1fc?pvs=21), Tama Tonga & Tonga Loa (https://www.notion.so/Tama-Tonga-Tonga-Loa-31d341dd494681f4b173c453179551d3?pvs=21)",,
X-Pac,,,,No,,,,,,,,78,,No Brand,,0,,0,,0,Legend,D-Generation X (https://www.notion.so/D-Generation-X-31d341dd494681098fbdff270fa85bf2?pvs=21),,
Solo Sikoa,,Raw (https://www.notion.so/Raw-31d341dd49468192b742e2fde956f670?pvs=21),,No,Men's Midcard,2,,,,,,85,,Raw,,0,,0,,0,Active,Most Feared Team (https://www.notion.so/Most-Feared-Team-31d341dd4946816fbe46f7ee3997c1fc?pvs=21),,
Stacy Keibler,,,,No,,,,,,,,75,,No Brand,,0,,0,,0,Legend,,,
Shawn Michaels,,,,No,,,,,,,,87,,No Brand,,0,,0,,0,Legend,D-Generation X (https://www.notion.so/D-Generation-X-31d341dd494681098fbdff270fa85bf2?pvs=21),,
Tommaso Ciampa,,SmackDown (https://www.notion.so/SmackDown-31d341dd49468133ba1dfaee4c527f79?pvs=21),,No,,,,,,,,77,,SmackDown,,0,,0,,0,Active,"#DIY (https://www.notion.so/DIY-31d341dd49468186990ce35ebdc51f22?pvs=21), #DIY (https://www.notion.so/DIY-31d341dd4946808184c1cdff5c755069?pvs=21)",,
Rusev,,,,No,,,,,,,,83,,Raw,,0,,0,,0,Active,,,
Zelina,,SmackDown (https://www.notion.so/SmackDown-31d341dd49468133ba1dfaee4c527f79?pvs=21),,No,,,,,,,,83,,SmackDown,,0,,0,,0,Active,,,
Undertaker,,,,No,,,,,,,,96,,No Brand,,0,,0,,0,Legend,The Brothers of Destruction (https://www.notion.so/The-Brothers-of-Destruction-31d341dd494681f1b7f9ee5857351e6f?pvs=21),,
Uncle Howdy,,SmackDown (https://www.notion.so/SmackDown-31d341dd49468133ba1dfaee4c527f79?pvs=21),,No,,,,,,,,87,,SmackDown,,0,,0,,0,Active,Wyatt Sicks (https://www.notion.so/Wyatt-Sicks-31d341dd49468115a9dedff6bcd78029?pvs=21),,
Ricky Saints,,,,No,,,,,,,,81,,NXT,,0,,0,,0,Active,,,
Trish Stratus,,,,No,,,,,,,,89,,No Brand,,0,,0,,0,Legend,,,
Xavier Woods,,,,No,,,,,,,,82,,Raw,,0,,0,,0,Active,The New Day (https://www.notion.so/The-New-Day-31d341dd494681dc820ce2747a844935?pvs=21),,
Theodore Long,,,,No,,,,,,,,,,No Brand,,0,,0,,0,Legend,,,
Tavion Heights,,,,No,,,,,,,,76,,NXT,,0,,0,,0,Active,,,
Rob Van Dam,,,,No,,,,,,,,90,,No Brand,,0,,0,,0,Legend,,,
Sika,,,,No,,,,,,,,86,,No Brand,,0,,0,,0,Legend,The Wild Samoans (https://www.notion.so/The-Wild-Samoans-31d341dd49468147b94bd34fdff7876d?pvs=21),,
Shawn Spears,,,,No,,,,,Tony D'Angelo vs. Shawn Spears (https://www.notion.so/Tony-D-Angelo-vs-Shawn-Spears-31e341dd4946818c81afd5e87d7b8535?pvs=21),,,75,,NXT,,1,Tony D'Angelo vs. Shawn Spears (https://www.notion.so/Tony-D-Angelo-vs-Shawn-Spears-31e341dd4946818c81afd5e87d7b8535?pvs=21),0,,0,Active,The Culling (https://www.notion.so/The-Culling-31d341dd494681d9b016cc8242ceb2b1?pvs=21),,
William Regal,,,,No,,,,,,,,76,,No Brand,,0,,0,,0,Legend,,,
Rosey,,,,No,,,,,,,,80,,No Brand,,0,,0,,0,Legend,3 Minute Warning (https://www.notion.so/3-Minute-Warning-31d341dd4946810abcf0dad1af0ee66d?pvs=21),,
Vader,,,,No,,,,,,,,87,,No Brand,,0,,0,,0,Legend,,,
The Rock,,,,No,,,,,,,,95,,No Brand,,0,,0,,0,Legend,,,
Rey Fenix,,Raw (https://www.notion.so/Raw-31d341dd49468192b742e2fde956f670?pvs=21),,No,Men's Tag,3,,,,,,78,,Raw,,0,,0,,0,Active,Dragon Lee & Rey Fenix (https://www.notion.so/Dragon-Lee-Rey-Fenix-31e341dd49468174b2cde14f9c7f23e7?pvs=21),,
The Great Muta,,,,No,,,,,,,,86,,No Brand,,0,,0,,0,Legend,,,
Umaga,,,,No,,,,,,,,86,,No Brand,,0,,0,,0,Legend,,,
Stephanie Vaquer,,Raw (https://www.notion.so/Raw-31d341dd49468192b742e2fde956f670?pvs=21),,No,Women's World,4,,,,,,92,,Raw,,0,,0,,0,Active,,,
Sensational Sherri,,,,No,,,,,,,,80,,No Brand,,0,,0,,0,Legend,,,
Scott Hall,,,,No,,,,,,,,87,,No Brand,,0,,0,,0,Legend,,,
Triple H,,,,No,,,,,,,,91,,No Brand,,0,,0,,0,Legend,D-Generation X (https://www.notion.so/D-Generation-X-31d341dd494681098fbdff270fa85bf2?pvs=21),,
Typhoon,,,,No,,,,,,,,,,No Brand,,0,,0,,0,Legend,,,
Tony D'Angelo,,,,No,,,,,Tony D'Angelo vs. Shawn Spears (https://www.notion.so/Tony-D-Angelo-vs-Shawn-Spears-31e341dd4946818c81afd5e87d7b8535?pvs=21),,,79,,NXT,,1,Tony D'Angelo vs. Shawn Spears (https://www.notion.so/Tony-D-Angelo-vs-Shawn-Spears-31e341dd4946818c81afd5e87d7b8535?pvs=21),0,,0,Active,,,
Shinsuke Nakamura,,SmackDown (https://www.notion.so/SmackDown-31d341dd49468133ba1dfaee4c527f79?pvs=21),,No,,,,,LA Knight vs. Shinsuke Nakamura (https://www.notion.so/LA-Knight-vs-Shinsuke-Nakamura-31e341dd4946814abcecf8036a10ec14?pvs=21),,,86,,SmackDown,,0,,1,LA Knight vs. Shinsuke Nakamura (https://www.notion.so/LA-Knight-vs-Shinsuke-Nakamura-31e341dd4946814abcecf8036a10ec14?pvs=21),0,Active,,,
Tank Ledger,,,,No,,,,,,,,77,,NXT,,0,,0,,0,Active,Hank & Tank (https://www.notion.so/Hank-Tank-31d341dd49468112b74de93e88e9dccd?pvs=21),,
Smash,,,,No,,,,,,,,,,No Brand,,0,,0,,0,Legend,,,
Rowdy Roddy Piper,,,,No,,,,,,,,84,,No Brand,,0,,0,,0,Legend,,,
Thea Hail,,,,No,,,,,,,,75,,NXT,,0,,0,,0,Active,,,
Rey Mysterio,,Raw (https://www.notion.so/Raw-31d341dd49468192b742e2fde956f670?pvs=21),,No,Men's Midcard,7,,,,,,85,,Raw,,0,,0,,0,Active,Latino World Order (https://www.notion.so/Latino-World-Order-31d341dd494681748d35ccb9b2802693?pvs=21),,
Sandman,,,,No,,,,,,,,86,,No Brand,,0,,0,,0,Legend,,,
Talla Tonga,,SmackDown (https://www.notion.so/SmackDown-31d341dd49468133ba1dfaee4c527f79?pvs=21),,No,,,,,,,,77,,SmackDown,,0,,0,,0,Active,Most Feared Team (https://www.notion.so/Most-Feared-Team-31d341dd4946816fbe46f7ee3997c1fc?pvs=21),,
Tama Tonga,,SmackDown (https://www.notion.so/SmackDown-31d341dd49468133ba1dfaee4c527f79?pvs=21),,No,,,,,,,,83,,SmackDown,,0,,0,,0,Active,"Most Feared Team (https://www.notion.so/Most-Feared-Team-31d341dd4946816fbe46f7ee3997c1fc?pvs=21), Tama Tonga & Tonga Loa (https://www.notion.so/Tama-Tonga-Tonga-Loa-31d341dd494681f4b173c453179551d3?pvs=21)",,
Zaria,,,,No,,,,,,,,75,,NXT,,0,,0,,0,Active,,,
Royce Keys,,,,No,,,,,,,,,,No Brand,,0,,0,,0,Legend,,,
Tatum Paxley,,,,No,,,,,,,,75,,NXT,,0,,0,,0,Active,,,
Terry Funk,,,,No,,,,,,,,87,,No Brand,,0,,0,,0,Legend,,,
Tyler Bate,,Raw (https://www.notion.so/Raw-31d341dd49468192b742e2fde956f670?pvs=21),,No,Men's Tag,2,,,,,,76,,Raw,,0,,0,,0,Active,New Catch Republic (https://www.notion.so/New-Catch-Republic-31e341dd4946813aab01efd7a3e47ca6?pvs=21),,
Tiffany Stratton,,Raw (https://www.notion.so/Raw-31d341dd49468192b742e2fde956f670?pvs=21),,No,Women's World,3,,,,,,91,,Raw,,0,,0,,0,Active,,,
Victoria,,,,No,,,,,,,,89,,No Brand,,0,,0,,0,Legend,,,
The Iron Sheik,,,,No,,,,,,,,85,,No Brand,,0,,0,,0,Legend,,,
The Hurricane,,,,No,,,,,,,,75,,No Brand,,0,,0,,0,Legend,,,
Yoshiki Inamura,,,,No,,,,,,,,75,,NXT,,0,,0,,0,Active,,,
Tyler Breeze,,,,No,,,,,,,,75,,No Brand,,0,,0,,0,Legend,,,
Road Dogg,,,,No,,,,,,,,80,,No Brand,,0,,0,,0,Legend,"D-Generation X (https://www.notion.so/D-Generation-X-31d341dd494681098fbdff270fa85bf2?pvs=21), New Age Outlaws (https://www.notion.so/New-Age-Outlaws-31d341dd494681ae9cbbfab646ab5926?pvs=21)",,
Nikkita Lyons,,,,No,,,,,,,,73,,NXT,,0,,0,,0,Active,,,
Psycho Clown,,,,No,,,,,,,,84,,Free Agent,,0,,0,,0,Active,,,
Kiana James,,SmackDown (https://www.notion.so/SmackDown-31d341dd49468133ba1dfaee4c527f79?pvs=21),,No,,,,,,,,73,,SmackDown,,0,,0,,0,Active,,,
Maryse,,,,No,,,,,,,,79,,No Brand,,0,,0,,0,Legend,,,
Michin,,Raw (https://www.notion.so/Raw-31d341dd49468192b742e2fde956f670?pvs=21),,No,Women's Midcard,1,,,,,,82,,Raw,,0,,0,,0,Active,,,
Mark Henry,,,,No,,,,,,,,92,,No Brand,,0,,0,,0,Legend,,,
Nikki Cross,,SmackDown (https://www.notion.so/SmackDown-31d341dd49468133ba1dfaee4c527f79?pvs=21),,No,,,,,,,,73,,SmackDown,,0,,0,,0,Active,Wyatt Sicks (https://www.notion.so/Wyatt-Sicks-31d341dd49468115a9dedff6bcd78029?pvs=21),,
Ravishing Rick Rude,,,,No,,,,,,,,84,,No Brand,,0,,0,,0,Legend,,,
Ilja Dragunov,,Raw (https://www.notion.so/Raw-31d341dd49468192b742e2fde956f670?pvs=21),,No,Men's Midcard,3,,,,,,85,,Raw,,0,,0,,0,Active,,,
Ivy Nile,,SmackDown (https://www.notion.so/SmackDown-31d341dd49468133ba1dfaee4c527f79?pvs=21),,No,,,,,,,,76,,SmackDown,,0,,0,,0,Active,American Made (https://www.notion.so/American-Made-31d341dd494681118f46c2d916640e4a?pvs=21),,
Pat McAfee,,,,No,,,,,,,,80,,Raw,,0,,0,,0,Active,,,
Jazmyn Nyx,,,,No,,,,,,,,72,,NXT,,0,,0,,0,Active,The Fatal Influence (https://www.notion.so/The-Fatal-Influence-31d341dd494681ea971dfa27ff4d3bed?pvs=21),,
Jaida Parker,,,,No,,,,,,,,77,,NXT,,0,,0,,0,Active,,,
Lita,,,,No,,,,,,,,87,,No Brand,,0,,0,,0,Legend,,,
JC Mateo,,,,No,,,,,,,,82,,SmackDown,,0,,0,,0,Active,,,
Kelly Kelly,,,,No,,,,,,,,,,No Brand,,0,,0,,0,Legend,,,
Je'Von Evans,,,,No,,,,,,,,78,,Raw,,0,,0,,0,Active,,,
Mr. Wonderful Paul Orndorff,,,,No,,,,,,,,86,,No Brand,,0,,0,,0,Legend,,,
Michelle McCool,,,,No,,,,,,,,85,,No Brand,,0,,0,,0,Legend,,,
Johnny Gargano,,SmackDown (https://www.notion.so/SmackDown-31d341dd49468133ba1dfaee4c527f79?pvs=21),,No,,,,,,,,76,,SmackDown,,0,,0,,0,Active,"#DIY (https://www.notion.so/DIY-31d341dd49468186990ce35ebdc51f22?pvs=21), #DIY (https://www.notion.so/DIY-31d341dd4946808184c1cdff5c755069?pvs=21)",,
Kane,,,,No,,,,,,,,79,,No Brand,,0,,0,,0,Legend,The Brothers of Destruction (https://www.notion.so/The-Brothers-of-Destruction-31d341dd494681f1b7f9ee5857351e6f?pvs=21),,
Pete Dunne,,Raw (https://www.notion.so/Raw-31d341dd49468192b742e2fde956f670?pvs=21),,No,Men's Tag,2,,,,,,76,,Raw,,0,,0,,0,Active,New Catch Republic (https://www.notion.so/New-Catch-Republic-31e341dd4946813aab01efd7a3e47ca6?pvs=21),,
New Jack,,,,No,,,,,,,,86,,No Brand,,0,,0,,0,Legend,,,
Islander Haku,,,,No,,,,,,,,79,,No Brand,,0,,0,,0,Legend,The Islanders (https://www.notion.so/The-Islanders-31d341dd4946810d9828d2690c99805a?pvs=21),,
Montez Ford,,SmackDown (https://www.notion.so/SmackDown-31d341dd49468133ba1dfaee4c527f79?pvs=21),,No,,,,,,,,80,,SmackDown,,0,,0,,0,Active,"The Street Profits (https://www.notion.so/The-Street-Profits-31d341dd494681d49389f7453f63cab8?pvs=21), The Street Profits (https://www.notion.so/The-Street-Profits-31d341dd494680f49774d743c7e859b6?pvs=21)",,
Randy Orton,,Raw (https://www.notion.so/Raw-31d341dd49468192b742e2fde956f670?pvs=21),,No,Men's World,5,,,,,,92,,Raw,,0,,0,,0,Active,,,
Pagano,,,,No,,,,,,,,,,Free Agent,,0,,0,,0,Active,,,
Ivar,,,,No,,,,,,,,79,,Raw,,0,,0,,0,Active,The War Raiders (https://www.notion.so/The-War-Raiders-31d341dd49468157beb1c64471407bfe?pvs=21),,
JBL,,,,No,,,,,,,,89,,No Brand,,0,,0,,0,Legend,,,
Jimmy Hart,,,,No,,,,,,,,,,No Brand,,0,,0,,0,Legend,,,
JD McDonagh,,,,No,,,,,,,,79,,Raw,,0,,0,,0,Active,"Finn & JD (https://www.notion.so/Finn-JD-31d341dd494681d7a8c2de1a431cc5de?pvs=21), The Judgment Day (https://www.notion.so/The-Judgment-Day-31d341dd494681388a34c6c67490691f?pvs=21)",,
Lola Vice,,Raw (https://www.notion.so/Raw-31d341dd49468192b742e2fde956f670?pvs=21),,No,Women's Midcard,8,,,,,,78,,Raw,,0,,0,,0,Active,,,
Jade Cargill,,SmackDown (https://www.notion.so/SmackDown-31d341dd49468133ba1dfaee4c527f79?pvs=21),,No,,,,,,,,88,,SmackDown,,0,,0,,0,Active,,,
Lady Shani,,,,No,,,,,,,,,,Free Agent,,0,,0,,0,Active,,,
Josh Briggs,,,,No,,,,,,,,74,,NXT,,0,,0,,0,Active,,,
Jeff Hardy,,,,No,,,,,,,,,,No Brand,,0,,0,,0,Legend,,,
Lash Legend,,Raw (https://www.notion.so/Raw-31d341dd49468192b742e2fde956f670?pvs=21),,No,Women's Midcard,2,,,,,,81,,Raw,,0,,0,,0,Active,,,
Macho Man Randy Savage,,,,No,,,,,,,,89,,No Brand,,0,,0,,0,Legend,,,
Molly Holly,,,,No,,,,,,,,83,,No Brand,,0,,0,,0,Legend,,,
Islander Tama,,,,No,,,,,,,,79,,No Brand,,0,,0,,0,Legend,The Islanders (https://www.notion.so/The-Islanders-31d341dd4946810d9828d2690c99805a?pvs=21),,
Kelani Jordan,,Raw (https://www.notion.so/Raw-31d341dd49468192b742e2fde956f670?pvs=21),,No,Women's Midcard,7,,,,,,79,,Raw,,0,,0,,0,Active,,,
Natalya,,Raw (https://www.notion.so/Raw-31d341dd49468192b742e2fde956f670?pvs=21),,No,Women's World,8,,,,,,86,,Raw,,0,,0,,0,Active,,,
Jacy Jayne,,Raw (https://www.notion.so/Raw-31d341dd49468192b742e2fde956f670?pvs=21),,No,Women's Midcard,6,,,Roxanne Perez vs. Jacy Jayne (https://www.notion.so/Roxanne-Perez-vs-Jacy-Jayne-31e341dd4946816284f8fc259681d1f4?pvs=21),,,80,,Raw,,0,,1,Roxanne Perez vs. Jacy Jayne (https://www.notion.so/Roxanne-Perez-vs-Jacy-Jayne-31e341dd4946816284f8fc259681d1f4?pvs=21),0,Active,The Fatal Influence (https://www.notion.so/The-Fatal-Influence-31d341dd494681ea971dfa27ff4d3bed?pvs=21),,
Lexis King,,,,No,,,,,,,,74,,NXT,,0,,0,,0,Active,,,
John Cena,,,,No,,,,,,,,97,,No Brand,,0,,0,,0,Legend,,,
Kit Wilson,,Raw (https://www.notion.so/Raw-31d341dd49468192b742e2fde956f670?pvs=21),,No,Men's Tag,4,,,,,,74,,Raw,,0,,0,,0,Active,Pretty Deadly (https://www.notion.so/Pretty-Deadly-31d341dd49468125b9aaef20b7a2a658?pvs=21),,
Maxxine Dupri,,Raw (https://www.notion.so/Raw-31d341dd49468192b742e2fde956f670?pvs=21),,No,Women's Midcard,4,,,,,,78,,Raw,,0,,0,,0,Active,Alpha Academy (https://www.notion.so/Alpha-Academy-31d341dd4946813cbcfee4a1833becb8?pvs=21),,
Joe Hendry,,,,No,,,,,Carmelo Hayes vs. Joe Hendry (https://www.notion.so/Carmelo-Hayes-vs-Joe-Hendry-31e341dd494681cfa51ac0609da87525?pvs=21),,,80,,NXT,,0,,1,Carmelo Hayes vs. Joe Hendry (https://www.notion.so/Carmelo-Hayes-vs-Joe-Hendry-31e341dd494681cfa51ac0609da87525?pvs=21),0,Active,,,
Lex Luger,,,,No,,,,,,,,87,,No Brand,,0,,0,,0,Legend,,,
Omos,,,,No,,,,,,,,80,,No Brand,,0,,0,,0,Legend,,,
Piper Niven,,Raw (https://www.notion.so/Raw-31d341dd49468192b742e2fde956f670?pvs=21),,No,Women's Midcard,3,,,,,,79,,Raw,,0,,0,,0,Active,"Chelsea Green & The Secret Hervice (https://www.notion.so/Chelsea-Green-The-Secret-Hervice-31d341dd4946815791a8e8ee4d3a85fe?pvs=21), The Secret Hervice (https://www.notion.so/The-Secret-Hervice-31d341dd4946810aa2e1c1049743abfc?pvs=21)",,
Ludwig Kaiser,,SmackDown (https://www.notion.so/SmackDown-31d341dd49468133ba1dfaee4c527f79?pvs=21),,No,,,,,,,,77,,SmackDown,,0,,0,,0,Active,,,
Raquel Rodriguez,,Raw (https://www.notion.so/Raw-31d341dd49468192b742e2fde956f670?pvs=21),,No,Women's Tag,2,,,,,,86,,Raw,,0,,0,,0,Active,,,
Mick Foley,,,,No,,,,,,,,,,No Brand,,0,,0,,0,Legend,,,
Kevin Nash,,,,No,,,,,,,,88,,No Brand,,0,,0,,0,Legend,,,
Nia Jax,,SmackDown (https://www.notion.so/SmackDown-31d341dd49468133ba1dfaee4c527f79?pvs=21),,No,,,,,,,,88,,SmackDown,,0,,0,,0,Active,,,
"Jim ""The Anvil"" Neidhart",,,,No,,,,,,,,80,,No Brand,,0,,0,,0,Legend,,,
Kofi Kingston,,Raw (https://www.notion.so/Raw-31d341dd49468192b742e2fde956f670?pvs=21),,No,Men's Midcard,13,,,,,,83,,Raw,,0,,0,,0,Active,The New Day (https://www.notion.so/The-New-Day-31d341dd494681dc820ce2747a844935?pvs=21),,
Nathan Frazer,,Raw (https://www.notion.so/Raw-31d341dd49468192b742e2fde956f670?pvs=21),,No,Men's Tag,1,,,,,,76,,Raw,,0,,0,,0,Active,Fraxiom (https://www.notion.so/Fraxiom-31d341dd49468171aeb2ca6442cbfe46?pvs=21),,
Jamal,,,,No,,,,,,,,82,,No Brand,,0,,0,,0,Legend,3 Minute Warning (https://www.notion.so/3-Minute-Warning-31d341dd4946810abcf0dad1af0ee66d?pvs=21),,
Karmen Petrovic,,,,No,,,,,,,,75,,NXT,,0,,0,,0,Active,,,
Miss Elizabeth,,,,No,,,,,,,,,,No Brand,,0,,0,,0,Legend,,,
Paul Bearer,,,,No,,,,,,,,,,No Brand,,0,,0,,0,Legend,,,
Julius Creed,,,,No,,,,,,,,78,,Raw,,0,,0,,0,Active,"American Made (https://www.notion.so/American-Made-31d341dd494681118f46c2d916640e4a?pvs=21), The Creed Brothers (https://www.notion.so/The-Creed-Brothers-31d341dd494681b396bde3366bbc0f6c?pvs=21)",,
Nikki Bella,,Raw (https://www.notion.so/Raw-31d341dd49468192b742e2fde956f670?pvs=21),,No,Women's World,7,,,,,,88,,Raw,,0,,0,,0,Active,,,
Joe Gacy,,SmackDown (https://www.notion.so/SmackDown-31d341dd49468133ba1dfaee4c527f79?pvs=21),,No,,,,,,,,82,,SmackDown,,0,,0,,0,Active,"Dexter Lumis & Joe Gacy (https://www.notion.so/Dexter-Lumis-Joe-Gacy-31d341dd49468192b872ce5a9e9d5d21?pvs=21), Wyatt Sicks (https://www.notion.so/Wyatt-Sicks-31d341dd49468115a9dedff6bcd78029?pvs=21)",,
Jesse Ventura,,,,No,,,,,,,,85,,No Brand,,0,,0,,0,Legend,,,
Lyra Valkyria,,Raw (https://www.notion.so/Raw-31d341dd49468192b742e2fde956f670?pvs=21),,No,Women's World,5,,,,,,84,,Raw,,0,,0,,0,Active,,,
Ken Shamrock,,,,No,,,,,,,,86,,No Brand,,0,,0,,0,Legend,,,
Nick Aldis,,,,No,,,,,,,,,,SmackDown,,0,,0,,0,Active,,,
Mr. Iguana,,,,No,,,,,,,,81,,Free Agent,,0,,0,,0,Active,,,
Moreno,,,,No,,,,,,,,77,,No Brand,,0,,0,,0,Legend,,,
R-Truth,,Raw (https://www.notion.so/Raw-31d341dd49468192b742e2fde956f670?pvs=21),,No,Men's Midcard,11,,,,,,80,,Raw,,0,,0,,0,Active,,,
Izzi Dame,,,,No,,,,,,,,76,,NXT,,0,,0,,0,Active,The Culling (https://www.notion.so/The-Culling-31d341dd494681d9b016cc8242ceb2b1?pvs=21),,
Penta,,,,No,,,,,,,,84,,Raw,,0,,0,,0,Active,,,
Mr. Fuji,,,,No,,,,,,,,,,No Brand,,0,,0,,0,Legend,,,
Myles Borne,,,,No,,,,,,,,75,,NXT,,0,,0,,0,Active,,,
Jordynne Grace,,SmackDown (https://www.notion.so/SmackDown-31d341dd49468133ba1dfaee4c527f79?pvs=21),,No,,,,,,,,81,,SmackDown,,0,,0,,0,Active,,,
Otis,,,,No,,,,,,,,75,,Raw,,0,,0,,0,Active,"Alpha Academy (https://www.notion.so/Alpha-Academy-31d341dd4946813cbcfee4a1833becb8?pvs=21), Alpha Academy (https://www.notion.so/Alpha-Academy-31d341dd494680ec9cb2e1982c4e4434?pvs=21)",,
Logan Paul,,Raw (https://www.notion.so/Raw-31d341dd49468192b742e2fde956f670?pvs=21),,No,Men's World,7,,,,,,90,,Raw,,0,,0,,0,Active,The Vision (https://www.notion.so/The-Vision-31d341dd4946813d8bccc8b4646ebe4b?pvs=21),,
Noam Dar,,,,No,,,,,,,,76,,NXT,,0,,0,,0,Active,,,
Jey Uso,,Raw (https://www.notion.so/Raw-31d341dd49468192b742e2fde956f670?pvs=21),,No,Men's World,6,,,Jey Uso vs. Bronson Reed (https://www.notion.so/Jey-Uso-vs-Bronson-Reed-31e341dd494681b4967bde19cb08e0e5?pvs=21),,,91,,Raw,,0,,1,Jey Uso vs. Bronson Reed (https://www.notion.so/Jey-Uso-vs-Bronson-Reed-31e341dd494681b4967bde19cb08e0e5?pvs=21),0,Active,The Usos (https://www.notion.so/The-Usos-31d341dd4946817b86beeeed2e10e9b5?pvs=21),,
Mr. Perfect,,,,No,,,,,,,,84,,No Brand,,0,,0,,0,Legend,,,
Jimmy Uso,,SmackDown (https://www.notion.so/SmackDown-31d341dd49468133ba1dfaee4c527f79?pvs=21),,No,,,,,,,,86,,SmackDown,,0,,0,,0,Active,The Usos (https://www.notion.so/The-Usos-31d341dd4946817b86beeeed2e10e9b5?pvs=21),,
Matt Hardy,,,,No,,,,,,,,,,No Brand,,0,,0,,0,Legend,,,
Matt Cardona,,,,No,,,,,,,,,,SmackDown,,0,,0,,0,Active,,,
Octagon Jr,,,,No,,,,,,,,,,Free Agent,,0,,0,,0,Active,,,
Joaquin Wilde,,,,No,,,,,,,,72,,Raw,,0,,0,,0,Active,"Joaquin Wilde & Cruz Del Toro (https://www.notion.so/Joaquin-Wilde-Cruz-Del-Toro-31d341dd4946811d9508c3ac380648ec?pvs=21), Latino World Order (https://www.notion.so/Latino-World-Order-31d341dd494681748d35ccb9b2802693?pvs=21)",,
La Parka,,,,No,,,,,,,,,,Free Agent,,0,,0,,0,Active,,,
Jacob Fatu,,SmackDown (https://www.notion.so/SmackDown-31d341dd49468133ba1dfaee4c527f79?pvs=21),,No,,,,,,,,88,,SmackDown,,0,,0,,0,Active,Most Feared Team (https://www.notion.so/Most-Feared-Team-31d341dd4946816fbe46f7ee3997c1fc?pvs=21),,
Naomi,,SmackDown (https://www.notion.so/SmackDown-31d341dd49468133ba1dfaee4c527f79?pvs=21),,No,,,,,,,,92,,SmackDown,,0,,0,,0,Active,,,
Jelly Roll,,,,No,,,,,,,,80,,No Brand,,0,,0,,0,Legend,,,
Kairi Sane,,Raw (https://www.notion.so/Raw-31d341dd49468192b742e2fde956f670?pvs=21),,No,Women's Tag,1,,,,,,84,,Raw,,0,,0,,0,Active,Kabuki Warriors (https://www.notion.so/Kabuki-Warriors-31d341dd4946818dbfeff05a11b31cfa?pvs=21),,
Paul Heyman,,,,No,,,,,,,,,,Raw,,0,,0,,0,Active,The Vision (https://www.notion.so/The-Vision-31d341dd4946813d8bccc8b4646ebe4b?pvs=21),,
Liv Morgan,,Raw (https://www.notion.so/Raw-31d341dd49468192b742e2fde956f670?pvs=21),,No,Women's World,6,,,,,,92,,Raw,,0,,0,,0,Active,"Liv & Dom (https://www.notion.so/Liv-Dom-31d341dd494681058532de3e691f3596?pvs=21), The Judgment Day (https://www.notion.so/The-Judgment-Day-31d341dd494681388a34c6c67490691f?pvs=21)",,
Junkyard Dog,,,,No,,,,,,,,84,,No Brand,,0,,0,,0,Legend,,,
Kurt Angle,,,,No,,,,,,,,89,,No Brand,,0,,0,,0,Legend,,,
Brie Bella,,,,No,,,,,,,,,,Raw,,0,,0,,0,Active,,,
Doink The Clown,,,,No,,,,,,,,74,,No Brand,,0,,0,,0,Legend,,,
Booker T,,,,No,,,,,,,,85,,No Brand,,0,,0,,0,Legend,,,
Billy Gunn,,,,No,,,,,,,,86,,No Brand,,0,,0,,0,Legend,"D-Generation X (https://www.notion.so/D-Generation-X-31d341dd494681098fbdff270fa85bf2?pvs=21), New Age Outlaws (https://www.notion.so/New-Age-Outlaws-31d341dd494681ae9cbbfab646ab5926?pvs=21)",,
Goldberg,,,,No,,,,,,,,90,,No Brand,,0,,0,,0,Legend,,,
Brock Lesnar,,,,No,,,,,,,,94,,No Brand,,0,,0,,0,Legend,,,
Giulia,,SmackDown (https://www.notion.so/SmackDown-31d341dd49468133ba1dfaee4c527f79?pvs=21),,No,,,,,,,,86,,SmackDown,,0,,0,,0,Active,,,
Apollo Crews,,SmackDown (https://www.notion.so/SmackDown-31d341dd49468133ba1dfaee4c527f79?pvs=21),,No,,,,,,,,70,,SmackDown,,0,,0,,0,Active,,,
Aleister Black,,SmackDown (https://www.notion.so/SmackDown-31d341dd49468133ba1dfaee4c527f79?pvs=21),,No,,,,,,,,84,,SmackDown,,0,,0,,0,Active,,,
Grayson Waller,,,,No,Men's Midcard,12,,,,,,73,,Raw,,0,,0,,0,Active,,,
Eric Bischoff,,,,No,,,,,,,,58,,No Brand,,0,,0,,0,Legend,,,
Erik,,,,No,,,,,,,,78,,Raw,,0,,0,,0,Active,The War Raiders (https://www.notion.so/The-War-Raiders-31d341dd49468157beb1c64471407bfe?pvs=21),,
Chyna,,,,No,,,,,,,,88,,No Brand,,0,,0,,0,Legend,,,
Armando Estrada,,,,No,,,,,,,,,,No Brand,,0,,0,,0,Legend,,,
Hector Flores,,,,No,,,,,,,,77,,No Brand,,0,,0,,0,Legend,,,
Erick Rowan,,SmackDown (https://www.notion.so/SmackDown-31d341dd49468133ba1dfaee4c527f79?pvs=21),,No,,,,,,,,80,,SmackDown,,0,,0,,0,Active,Wyatt Sicks (https://www.notion.so/Wyatt-Sicks-31d341dd49468115a9dedff6bcd78029?pvs=21),,
Fallon Henley,,,,No,,,,,,,,78,,NXT,,0,,0,,0,Active,The Fatal Influence (https://www.notion.so/The-Fatal-Influence-31d341dd494681ea971dfa27ff4d3bed?pvs=21),,
Chad Gable,,Raw (https://www.notion.so/Raw-31d341dd49468192b742e2fde956f670?pvs=21),,No,Men's Midcard,10,,,,,,81,,Raw,,0,,0,,0,Active,American Made (https://www.notion.so/American-Made-31d341dd494681118f46c2d916640e4a?pvs=21),,
Angel,,,,No,,,,,,,,72,,SmackDown,,0,,0,,0,Active,"Legado Del Fantasma (https://www.notion.so/Legado-Del-Fantasma-31d341dd494681488951df5900515407?pvs=21), Los Garza (https://www.notion.so/Los-Garza-31d341dd4946812bb914c7c3375df649?pvs=21)",,
"Bobby ""The Brain"" Heenan",,,,No,,,,,,,,,,No Brand,,0,,0,,0,Legend,The Islanders (https://www.notion.so/The-Islanders-31d341dd4946810d9828d2690c99805a?pvs=21),,
Batista,,,,No,,,,,,,,89,,No Brand,,0,,0,,0,Legend,,,
AJ Lee,,,,No,,,,,,,,87,,No Brand,,0,,0,,0,Active,,,
Candice LeRae,,Raw (https://www.notion.so/Raw-31d341dd49468192b742e2fde956f670?pvs=21),,No,Women's Midcard,5,,,,,,73,,Raw,,0,,0,,0,Active,#DIY (https://www.notion.so/DIY-31d341dd4946808184c1cdff5c755069?pvs=21),,
Bull Nakano,,,,No,,,,,,,,90,,No Brand,,0,,0,,0,Legend,,,
Barron Blade,,,,No,,,,,,,,,,No Brand,,0,,0,,0,Legend,,,
Chelsea Green,,SmackDown (https://www.notion.so/SmackDown-31d341dd49468133ba1dfaee4c527f79?pvs=21),,No,,,,,,,,85,,SmackDown,,0,,0,,0,Active,Chelsea Green & The Secret Hervice (https://www.notion.so/Chelsea-Green-The-Secret-Hervice-31d341dd4946815791a8e8ee4d3a85fe?pvs=21),,
Charlotte Flair,,Raw (https://www.notion.so/Raw-31d341dd49468192b742e2fde956f670?pvs=21),,No,Women's World,2,,,,,,93,,Raw,,0,,0,,0,Active,Alexa Bliss & Charlotte Flair (https://www.notion.so/Alexa-Bliss-Charlotte-Flair-31d341dd494681e286e3e99b414171d1?pvs=21),,
Austin Theory,,Raw (https://www.notion.so/Raw-31d341dd49468192b742e2fde956f670?pvs=21),,No,Men's Midcard,9,,,,,,82,,Raw,,0,,0,,0,Active,The Vision (https://www.notion.so/The-Vision-31d341dd4946813d8bccc8b4646ebe4b?pvs=21),,
Afa,,,,No,,,,,,,,86,,No Brand,,0,,0,,0,Legend,The Wild Samoans (https://www.notion.so/The-Wild-Samoans-31d341dd49468147b94bd34fdff7876d?pvs=21),,
El Grande Americano,,,,No,,,,,,,,85,,Raw,,0,,0,,0,Active,,,
Eddie Guerrero,,,,No,,,,,,,,90,,No Brand,,0,,0,,0,Legend,,,
Drew McIntyre,,SmackDown (https://www.notion.so/SmackDown-31d341dd49468133ba1dfaee4c527f79?pvs=21),,No,,,,,,,,93,,SmackDown,,0,,0,,0,Active,,,
Brutus Creed,,,,No,,,,,,,,77,,Raw,,0,,0,,0,Active,"American Made (https://www.notion.so/American-Made-31d341dd494681118f46c2d916640e4a?pvs=21), The Creed Brothers (https://www.notion.so/The-Creed-Brothers-31d341dd494681b396bde3366bbc0f6c?pvs=21)",,
Earthquake,,,,No,,,,,,,,,,No Brand,,0,,0,,0,Legend,,,
Brother Love,,,,No,,,,,,,,,,No Brand,,0,,0,,0,Legend,,,
Alex Shelley,,,,No,,,,,,,,80,,SmackDown,,0,,0,,0,Active,Motor City Machine Guns (https://www.notion.so/Motor-City-Machine-Guns-31d341dd494681cf9e99ff8f7381a768?pvs=21),,
Captain Lou Albano,,,,No,,,,,,,,,,No Brand,,0,,0,,0,Legend,The Wild Samoans (https://www.notion.so/The-Wild-Samoans-31d341dd49468147b94bd34fdff7876d?pvs=21),,
Becky Lynch,Face,Raw (https://www.notion.so/Raw-31d341dd49468192b742e2fde956f670?pvs=21),,No,Women's World,1,,,Becky Lynch vs. Rhea Ripley (https://www.notion.so/Becky-Lynch-vs-Rhea-Ripley-31e341dd494681d1af80d38fd1abad3f?pvs=21),,,94,,Raw,,0,,1,Becky Lynch vs. Rhea Ripley (https://www.notion.so/Becky-Lynch-vs-Rhea-Ripley-31e341dd494681d1af80d38fd1abad3f?pvs=21),0,Active,,,
Alundra Blayze,,,,No,,,,,,,,85,,No Brand,,0,,0,,0,Legend,,,
Bobby Newton,,,,No,,,,,,,,76,,No Brand,,0,,0,,0,Legend,,,
D-Von Dudley,,,,No,,,,,,,,84,,No Brand,,0,,0,,0,Legend,The Dudley Boyz (https://www.notion.so/The-Dudley-Boyz-31d341dd4946814582f0c899ecfce003?pvs=21),,
Ethan Page,,,,No,,,,,Oba Femi vs. Ethan Page (https://www.notion.so/Oba-Femi-vs-Ethan-Page-31e341dd494681e1872af4d985c25025?pvs=21),,,83,,NXT,,0,,1,Oba Femi vs. Ethan Page (https://www.notion.so/Oba-Femi-vs-Ethan-Page-31e341dd494681e1872af4d985c25025?pvs=21),0,Active,,,
Brian Pillman,,,,No,,,,,,,,,,No Brand,,0,,0,,0,Legend,,,
Berto,,,,No,,,,,,,,72,,SmackDown,,0,,0,,0,Active,"Legado Del Fantasma (https://www.notion.so/Legado-Del-Fantasma-31d341dd494681488951df5900515407?pvs=21), Los Garza (https://www.notion.so/Los-Garza-31d341dd4946812bb914c7c3375df649?pvs=21)",,
D'Lo Brown,,,,No,,,,,,,,83,,No Brand,,0,,0,,0,Legend,,,
Headbanger Mosh,,,,No,,,,,,,,76,,No Brand,,0,,0,,0,Legend,The Headbangers (https://www.notion.so/The-Headbangers-31d341dd494681859858e4a175739553?pvs=21),,
Dusty Rhodes,,,,No,,,,,,,,91,,No Brand,,0,,0,,0,Legend,,,
Boogeyman,,,,No,,,,,,,,74,,No Brand,,0,,0,,0,Legend,,,
Honky Tonk Man,,,,No,,,,,,,,81,,No Brand,,0,,0,,0,Legend,,,
Bayley,,SmackDown (https://www.notion.so/SmackDown-31d341dd49468133ba1dfaee4c527f79?pvs=21),,No,,,,,IYO SKY vs. Bayley (https://www.notion.so/IYO-SKY-vs-Bayley-31e341dd49468195ac89df96c660d448?pvs=21),,,89,,SmackDown,,0,,1,IYO SKY vs. Bayley (https://www.notion.so/IYO-SKY-vs-Bayley-31e341dd49468195ac89df96c660d448?pvs=21),0,Active,,,
Gunther,Heel,Raw (https://www.notion.so/Raw-31d341dd49468192b742e2fde956f670?pvs=21),,No,Men's World,4,,,,,,93,,Raw,,0,,0,,0,Active,,,
Cruz Del Toro,,,,No,,,,,,,,73,,Raw,,0,,0,,0,Active,"Joaquin Wilde & Cruz Del Toro (https://www.notion.so/Joaquin-Wilde-Cruz-Del-Toro-31d341dd4946811d9508c3ac380648ec?pvs=21), Latino World Order (https://www.notion.so/Latino-World-Order-31d341dd494681748d35ccb9b2802693?pvs=21)",,
Bubba Ray Dudley,,,,No,,,,,,,,85,,No Brand,,0,,0,,0,Legend,The Dudley Boyz (https://www.notion.so/The-Dudley-Boyz-31d341dd4946814582f0c899ecfce003?pvs=21),,
"Channing ""Stacks"" Lorenzo",,,,No,,,,,,,,74,,NXT,,0,,0,,0,Active,,,
Finn Balor,,Raw (https://www.notion.so/Raw-31d341dd49468192b742e2fde956f670?pvs=21),,No,Men's Midcard,5,,,Kevin Owens & Sami Zayn vs. Finn Bálor & Dominik Mysterio (https://www.notion.so/Kevin-Owens-Sami-Zayn-vs-Finn-B-lor-Dominik-Mysterio-31e341dd494681e78c72d546579d19f1?pvs=21),,,88,,Raw,,0,,1,Kevin Owens & Sami Zayn vs. Finn Bálor & Dominik Mysterio (https://www.notion.so/Kevin-Owens-Sami-Zayn-vs-Finn-B-lor-Dominik-Mysterio-31e341dd494681e78c72d546579d19f1?pvs=21),0,Active,"Finn & JD (https://www.notion.so/Finn-JD-31d341dd494681d7a8c2de1a431cc5de?pvs=21), The Judgment Day (https://www.notion.so/The-Judgment-Day-31d341dd494681388a34c6c67490691f?pvs=21)",,
Alba Fyre,,SmackDown (https://www.notion.so/SmackDown-31d341dd49468133ba1dfaee4c527f79?pvs=21),,No,,,,,,,,77,,SmackDown,,0,,0,,0,Active,"Chelsea Green & The Secret Hervice (https://www.notion.so/Chelsea-Green-The-Secret-Hervice-31d341dd4946815791a8e8ee4d3a85fe?pvs=21), The Secret Hervice (https://www.notion.so/The-Secret-Hervice-31d341dd4946810aa2e1c1049743abfc?pvs=21)",,
DDP,,,,No,,,,,,,,85,,No Brand,,0,,0,,0,Legend,,,
AJ Styles,,,,No,,,,,,,,88,,Raw,,0,,0,,0,Active,AJ Styles & Dragon Lee (https://www.notion.so/AJ-Styles-Dragon-Lee-31d341dd4946815c8b52fa1786acb5f0?pvs=21),,
Dominik Mysterio,Heel,Raw (https://www.notion.so/Raw-31d341dd49468192b742e2fde956f670?pvs=21),,No,Men's Midcard,1,,,Kevin Owens & Sami Zayn vs. Finn Bálor & Dominik Mysterio (https://www.notion.so/Kevin-Owens-Sami-Zayn-vs-Finn-B-lor-Dominik-Mysterio-31e341dd494681e78c72d546579d19f1?pvs=21),,,87,,Raw,,0,,1,Kevin Owens & Sami Zayn vs. Finn Bálor & Dominik Mysterio (https://www.notion.so/Kevin-Owens-Sami-Zayn-vs-Finn-B-lor-Dominik-Mysterio-31e341dd494681e78c72d546579d19f1?pvs=21),0,Active,"Liv & Dom (https://www.notion.so/Liv-Dom-31d341dd494681058532de3e691f3596?pvs=21), The Judgment Day (https://www.notion.so/The-Judgment-Day-31d341dd494681388a34c6c67490691f?pvs=21)",,
Alexa Bliss,,SmackDown (https://www.notion.so/SmackDown-31d341dd49468133ba1dfaee4c527f79?pvs=21),,No,,,,,,,,87,,SmackDown,,0,,0,,0,Active,Alexa Bliss & Charlotte Flair (https://www.notion.so/Alexa-Bliss-Charlotte-Flair-31d341dd494681e286e3e99b414171d1?pvs=21),,
Akira Tozawa,,,,No,,,,,,,,68,,Raw,,0,,0,,0,Active,"Alpha Academy (https://www.notion.so/Alpha-Academy-31d341dd4946813cbcfee4a1833becb8?pvs=21), Alpha Academy (https://www.notion.so/Alpha-Academy-31d341dd494680ec9cb2e1982c4e4434?pvs=21)",,
Hank Walker,,,,No,,,,,,,,77,,NXT,,0,,0,,0,Active,Hank & Tank (https://www.notion.so/Hank-Tank-31d341dd49468112b74de93e88e9dccd?pvs=21),,
Adam Pearce,,,,No,,,,,,,,,,Raw,,0,,0,,0,Active,,,
Blake Monroe,,,,No,,,,,,,,78,,NXT,,0,,0,,0,Active,,,
Faarooq,,,,No,,,,,,,,85,,No Brand,,0,,0,,0,Legend,,,
CM Punk,Face,Raw (https://www.notion.so/Raw-31d341dd49468192b742e2fde956f670?pvs=21),,No,Men's World,3,,,,,,94,,Raw,,0,,0,,0,Active,,,
Ax,,,,No,,,,,,,,,,No Brand,,0,,0,,0,Legend,,,
Big E,,,,No,,,,,,,,85,,No Brand,,0,,0,,0,Legend,,,
El Hijo del Vikingo,,,,No,,,,,,,,86,,Free Agent,,0,,0,,0,Active,,,
Cathy Kelley,,,,No,,,,,,,,,,SmackDown,,0,,0,,0,Active,,,
Ava,,,,No,,,,,,,,,,NXT,,0,,0,,0,Active,,,
Eve Torres,,,,No,,,,,,,,85,,No Brand,,0,,0,,0,Legend,,,
Cody Rhodes,Face,Raw (https://www.notion.so/Raw-31d341dd49468192b742e2fde956f670?pvs=21),,No,Men's World,1,,,,,,95,,Raw,,0,,0,,0,Active,,,
Headbanger Thrasher,,,,No,,,,,,,,76,,No Brand,,0,,0,,0,Legend,The Headbangers (https://www.notion.so/The-Headbangers-31d341dd494681859858e4a175739553?pvs=21),,
Bianca Belair,Face,SmackDown (https://www.notion.so/SmackDown-31d341dd49468133ba1dfaee4c527f79?pvs=21),,No,Women's World,0,,,Rhea Ripley vs. Bianca Belair (https://www.notion.so/Rhea-Ripley-vs-Bianca-Belair-31e341dd49468195a5dcc215c9dc12ef?pvs=21),,,94,,SmackDown,,0,,1,Rhea Ripley vs. Bianca Belair (https://www.notion.so/Rhea-Ripley-vs-Bianca-Belair-31e341dd49468195a5dcc215c9dc12ef?pvs=21),0,Active,,,
Angelo Dawkins,,SmackDown (https://www.notion.so/SmackDown-31d341dd49468133ba1dfaee4c527f79?pvs=21),,No,,,,,,,,78,,SmackDown,,0,,0,,0,Active,"The Street Profits (https://www.notion.so/The-Street-Profits-31d341dd494681d49389f7453f63cab8?pvs=21), The Street Profits (https://www.notion.so/The-Street-Profits-31d341dd494680f49774d743c7e859b6?pvs=21)",,
Bret Hart,,,,No,,,,,,,,93,,No Brand,,0,,0,,0,Legend,,,
Brooks Jensen,,,,No,,,,,,,,73,,NXT,,0,,0,,0,Active,,,
Abyss,,,,No,,,,,,,,85,,No Brand,,0,,0,,0,Legend,,,
Charlie Dempsey,,,,No,,,,,,,,75,,NXT,,0,,0,,0,Active,No Quarter Catch Crew (https://www.notion.so/No-Quarter-Catch-Crew-31d341dd4946812e9812e1ed8af0032a?pvs=21),,
Crush,,,,No,,,,,,,,,,No Brand,,0,,0,,0,Legend,,,
Andre Chase,,,,No,,,,,,,,73,,NXT,,0,,0,,0,Active,,,
Flammer,,,,No,,,,,,,,85,,Free Agent,,0,,0,,0,Active,,,
Dragon Lee,,Raw (https://www.notion.so/Raw-31d341dd49468192b742e2fde956f670?pvs=21),,No,Men's Tag,3,,,,,,79,,Raw,,0,,0,,0,Active,"AJ Styles & Dragon Lee (https://www.notion.so/AJ-Styles-Dragon-Lee-31d341dd4946815c8b52fa1786acb5f0?pvs=21), Latino World Order (https://www.notion.so/Latino-World-Order-31d341dd494681748d35ccb9b2802693?pvs=21), Dragon Lee & Rey Fenix (https://www.notion.so/Dragon-Lee-Rey-Fenix-31e341dd49468174b2cde14f9c7f23e7?pvs=21)",,
Bray Wyatt,,,,No,,,,,,,,90,,No Brand,,0,,0,,0,Legend,,,
Andre The Giant,,,,No,,,,,,,,88,,No Brand,,0,,0,,0,Legend,,,
Dexter Lumis,,SmackDown (https://www.notion.so/SmackDown-31d341dd49468133ba1dfaee4c527f79?pvs=21),,No,,,,,,,,82,,SmackDown,,0,,0,,0,Active,"Dexter Lumis & Joe Gacy (https://www.notion.so/Dexter-Lumis-Joe-Gacy-31d341dd49468192b872ce5a9e9d5d21?pvs=21), Wyatt Sicks (https://www.notion.so/Wyatt-Sicks-31d341dd49468115a9dedff6bcd78029?pvs=21)",,
Hulk Hogan,,,,No,,,,,,,,94,,No Brand,,0,,0,,0,Legend,,,
Asuka,,Raw (https://www.notion.so/Raw-31d341dd49468192b742e2fde956f670?pvs=21),,No,Women's Tag,1,,,,,,91,,Raw,,0,,0,,0,Active,Kabuki Warriors (https://www.notion.so/Kabuki-Warriors-31d341dd4946818dbfeff05a11b31cfa?pvs=21),,
Axiom,,Raw (https://www.notion.so/Raw-31d341dd49468192b742e2fde956f670?pvs=21),,No,Men's Tag,1,,,,,,75,,Raw,,0,,0,,0,Active,Fraxiom (https://www.notion.so/Fraxiom-31d341dd49468171aeb2ca6442cbfe46?pvs=21),,
B-Fab,,,,No,,,,,,,,67,,SmackDown,,0,,0,,0,Active,The Street Profits (https://www.notion.so/The-Street-Profits-31d341dd494680f49774d743c7e859b6?pvs=21),,
British Bulldog,,,,No,,,,,,,,85,,No Brand,,0,,0,,0,Legend,,,
Elton Prince,,Raw (https://www.notion.so/Raw-31d341dd49468192b742e2fde956f670?pvs=21),,No,Men's Tag,4,,,,,,71,,Raw,,0,,0,,0,Active,Pretty Deadly (https://www.notion.so/Pretty-Deadly-31d341dd49468125b9aaef20b7a2a658?pvs=21),,
Chris Sabin,,,,No,,,,,,,,80,,SmackDown,,0,,0,,0,Active,Motor City Machine Guns (https://www.notion.so/Motor-City-Machine-Guns-31d341dd494681cf9e99ff8f7381a768?pvs=21),,
Bam Bam Bigelow,,,,No,,,,,,,,,,No Brand,,0,,0,,0,Legend,,,